<?xml version="1.0" encoding="UTF-8"?>

<!DOCTYPE hibernate-configuration SYSTEM
"http://hibernate.sourceforge.net/hibernate-configuration-3.0.dtd">

<hibernate-configuration>
<session-factory>
<property name="hibernate.hbm2ddl.auto">update</property>  
<property name="hibernate.connection.driver_class">oracle.jdbc.OracleDriver</property>
<property name="hibernate.connection.url">jdbc:oracle:thin:@LAPTOP-ACGEUS9Q:1521:XE</property>
<property name="hibernate.connection.username">system</property>
<property name="hibernate.connection.password">1234</property>
<property name="show_sql">true</property>

</session-factory>
</hibernate-configuration>